location,url
Albania,https://www.airbnb.com/sitemaps/AL
Algeria,https://www.airbnb.com/sitemaps/DZ
Andorra,https://www.airbnb.com/sitemaps/AD
Anguilla,https://www.airbnb.com/sitemaps/AI
Antigua and Barbuda,https://www.airbnb.com/sitemaps/AG
Argentina,https://www.airbnb.com/sitemaps/AR
Armenia,https://www.airbnb.com/sitemaps/AM
Aruba,https://www.airbnb.com/sitemaps/AW
Australia,https://www.airbnb.com/sitemaps/AU
Austria,https://www.airbnb.com/sitemaps/AT
Azerbaijan,https://www.airbnb.com/sitemaps/AZ
Bahamas,https://www.airbnb.com/sitemaps/BS
Bahrain,https://www.airbnb.com/sitemaps/BH
Bangladesh,https://www.airbnb.com/sitemaps/BD
Barbados,https://www.airbnb.com/sitemaps/BB
Belarus,https://www.airbnb.com/sitemaps/BY
Belgium,https://www.airbnb.com/sitemaps/BE
Belize,https://www.airbnb.com/sitemaps/BZ
Benin,https://www.airbnb.com/sitemaps/BJ
Bermuda,https://www.airbnb.com/sitemaps/BM
Bolivia,https://www.airbnb.com/sitemaps/BO
Bosnia and Herzegovina,https://www.airbnb.com/sitemaps/BA
Botswana,https://www.airbnb.com/sitemaps/BW
Brazil,https://www.airbnb.com/sitemaps/BR
British Virgin Islands,https://www.airbnb.com/sitemaps/VG
Bulgaria,https://www.airbnb.com/sitemaps/BG
Cambodia,https://www.airbnb.com/sitemaps/KH
Cameroon,https://www.airbnb.com/sitemaps/CM
Canada,https://www.airbnb.com/sitemaps/CA
Cape Verde,https://www.airbnb.com/sitemaps/CV
Caribbean Netherlands,https://www.airbnb.com/sitemaps/BQ
Cayman Islands,https://www.airbnb.com/sitemaps/KY
Chile,https://www.airbnb.com/sitemaps/CL
China,https://www.airbnb.com/sitemaps/CN
Colombia,https://www.airbnb.com/sitemaps/CO
Cook Islands,https://www.airbnb.com/sitemaps/CK
Costa Rica,https://www.airbnb.com/sitemaps/CR
Croatia,https://www.airbnb.com/sitemaps/HR
Curaçao,https://www.airbnb.com/sitemaps/CW
Cyprus,https://www.airbnb.com/sitemaps/CY
Czech Republic,https://www.airbnb.com/sitemaps/CZ
Denmark,https://www.airbnb.com/sitemaps/DK
Dominica,https://www.airbnb.com/sitemaps/DM
Dominican Republic,https://www.airbnb.com/sitemaps/DO
Ecuador,https://www.airbnb.com/sitemaps/EC
Egypt,https://www.airbnb.com/sitemaps/EG
El Salvador,https://www.airbnb.com/sitemaps/SV
Estonia,https://www.airbnb.com/sitemaps/EE
Ethiopia,https://www.airbnb.com/sitemaps/ET
Faroe Islands,https://www.airbnb.com/sitemaps/FO
Fiji,https://www.airbnb.com/sitemaps/FJ
Finland,https://www.airbnb.com/sitemaps/FI
France,https://www.airbnb.com/sitemaps/FR
French Guiana,https://www.airbnb.com/sitemaps/GF
French Polynesia,https://www.airbnb.com/sitemaps/PF
Gambia,https://www.airbnb.com/sitemaps/GM
Georgia,https://www.airbnb.com/sitemaps/GE
Germany,https://www.airbnb.com/sitemaps/DE
Ghana,https://www.airbnb.com/sitemaps/GH
Greece,https://www.airbnb.com/sitemaps/GR
Grenada,https://www.airbnb.com/sitemaps/GD
Guadeloupe,https://www.airbnb.com/sitemaps/GP
Guam,https://www.airbnb.com/sitemaps/GU
Guatemala,https://www.airbnb.com/sitemaps/GT
Haiti,https://www.airbnb.com/sitemaps/HT
Honduras,https://www.airbnb.com/sitemaps/HN
Hong Kong,https://www.airbnb.com/sitemaps/HK
Hungary,https://www.airbnb.com/sitemaps/HU
Iceland,https://www.airbnb.com/sitemaps/IS
India,https://www.airbnb.com/sitemaps/IN
Indonesia,https://www.airbnb.com/sitemaps/ID
Ireland,https://www.airbnb.com/sitemaps/IE
Isle of Man,https://www.airbnb.com/sitemaps/IM
Israel,https://www.airbnb.com/sitemaps/IL
Italy,https://www.airbnb.com/sitemaps/IT
Ivory Coast,https://www.airbnb.com/sitemaps/CI
Jamaica,https://www.airbnb.com/sitemaps/JM
Japan,https://www.airbnb.com/sitemaps/JP
Jersey,https://www.airbnb.com/sitemaps/JE
Jordan,https://www.airbnb.com/sitemaps/JO
Kazakhstan,https://www.airbnb.com/sitemaps/KZ
Kenya,https://www.airbnb.com/sitemaps/KE
Kyrgyzstan,https://www.airbnb.com/sitemaps/KG
Laos,https://www.airbnb.com/sitemaps/LA
Latvia,https://www.airbnb.com/sitemaps/LV
Lebanon,https://www.airbnb.com/sitemaps/LB
Liechtenstein,https://www.airbnb.com/sitemaps/LI
Lithuania,https://www.airbnb.com/sitemaps/LT
Luxembourg,https://www.airbnb.com/sitemaps/LU
Macedonia,https://www.airbnb.com/sitemaps/MK
Madagascar,https://www.airbnb.com/sitemaps/MG
Malaysia,https://www.airbnb.com/sitemaps/MY
Maldives,https://www.airbnb.com/sitemaps/MV
Malta,https://www.airbnb.com/sitemaps/MT
Martinique,https://www.airbnb.com/sitemaps/MQ
Mauritius,https://www.airbnb.com/sitemaps/MU
Mexico,https://www.airbnb.com/sitemaps/MX
Moldova,https://www.airbnb.com/sitemaps/MD
Mongolia,https://www.airbnb.com/sitemaps/MN
Montenegro,https://www.airbnb.com/sitemaps/ME
Morocco,https://www.airbnb.com/sitemaps/MA
Mozambique,https://www.airbnb.com/sitemaps/MZ
Myanmar [Burma],https://www.airbnb.com/sitemaps/MM
Namibia,https://www.airbnb.com/sitemaps/NA
Nepal,https://www.airbnb.com/sitemaps/NP
Netherlands,https://www.airbnb.com/sitemaps/NL
New Caledonia,https://www.airbnb.com/sitemaps/NC
New Zealand,https://www.airbnb.com/sitemaps/NZ
Nicaragua,https://www.airbnb.com/sitemaps/NI
Nigeria,https://www.airbnb.com/sitemaps/NG
Northern Mariana Islands,https://www.airbnb.com/sitemaps/MP
Norway,https://www.airbnb.com/sitemaps/NO
Oman,https://www.airbnb.com/sitemaps/OM
Pakistan,https://www.airbnb.com/sitemaps/PK
Panama,https://www.airbnb.com/sitemaps/PA
Paraguay,https://www.airbnb.com/sitemaps/PY
Peru,https://www.airbnb.com/sitemaps/PE
Philippines,https://www.airbnb.com/sitemaps/PH
Poland,https://www.airbnb.com/sitemaps/PL
Portugal,https://www.airbnb.com/sitemaps/PT
Puerto Rico,https://www.airbnb.com/sitemaps/PR
Qatar,https://www.airbnb.com/sitemaps/QA
Romania,https://www.airbnb.com/sitemaps/RO
Russia,https://www.airbnb.com/sitemaps/RU
Rwanda,https://www.airbnb.com/sitemaps/RW
Réunion,https://www.airbnb.com/sitemaps/RE
Saint Barthélemy,https://www.airbnb.com/sitemaps/BL
Saint Kitts and Nevis,https://www.airbnb.com/sitemaps/KN
Saint Lucia,https://www.airbnb.com/sitemaps/LC
Saint Martin,https://www.airbnb.com/sitemaps/MF
Saint Vincent and the Grenadines,https://www.airbnb.com/sitemaps/VC
Saudi Arabia,https://www.airbnb.com/sitemaps/SA
Senegal,https://www.airbnb.com/sitemaps/SN
Serbia,https://www.airbnb.com/sitemaps/RS
Seychelles,https://www.airbnb.com/sitemaps/SC
Singapore,https://www.airbnb.com/sitemaps/SG
Sint Maarten,https://www.airbnb.com/sitemaps/SX
Slovakia,https://www.airbnb.com/sitemaps/SK
Slovenia,https://www.airbnb.com/sitemaps/SI
South Africa,https://www.airbnb.com/sitemaps/ZA
South Korea,https://www.airbnb.com/sitemaps/KR
Spain,https://www.airbnb.com/sitemaps/ES
Sri Lanka,https://www.airbnb.com/sitemaps/LK
Suriname,https://www.airbnb.com/sitemaps/SR
Sweden,https://www.airbnb.com/sitemaps/SE
Switzerland,https://www.airbnb.com/sitemaps/CH
Taiwan,https://www.airbnb.com/sitemaps/TW
Tanzania,https://www.airbnb.com/sitemaps/TZ
Thailand,https://www.airbnb.com/sitemaps/TH
Trinidad and Tobago,https://www.airbnb.com/sitemaps/TT
Tunisia,https://www.airbnb.com/sitemaps/TN
Turkey,https://www.airbnb.com/sitemaps/TR
Turks and Caicos Islands,https://www.airbnb.com/sitemaps/TC
U.S. Virgin Islands,https://www.airbnb.com/sitemaps/VI
Uganda,https://www.airbnb.com/sitemaps/UG
Ukraine,https://www.airbnb.com/sitemaps/UA
United Arab Emirates,https://www.airbnb.com/sitemaps/AE
United Kingdom,https://www.airbnb.com/sitemaps/GB
United States,https://www.airbnb.com/sitemaps/US
Uruguay,https://www.airbnb.com/sitemaps/UY
Vanuatu,https://www.airbnb.com/sitemaps/VU
Venezuela,https://www.airbnb.com/sitemaps/VE
Vietnam,https://www.airbnb.com/sitemaps/VN
Zimbabwe,https://www.airbnb.com/sitemaps/ZW